date,country_code,unit,value
2021-04-08,ES,EUR/MWh,71.67
2021-04-09,ES,EUR/MWh,71.2817
2021-04-10,ES,EUR/MWh,64.7075
2021-04-11,ES,EUR/MWh,51.6646
2021-04-12,ES,EUR/MWh,64.5926
2021-04-13,ES,EUR/MWh,76.1317
2021-04-14,ES,EUR/MWh,73.0738
2021-04-15,ES,EUR/MWh,69.1357
2021-04-16,ES,EUR/MWh,68.6933
2021-04-17,ES,EUR/MWh,64.2012
2021-04-18,ES,EUR/MWh,65.5146
2021-04-19,ES,EUR/MWh,78.565
2021-04-20,ES,EUR/MWh,78.9642
2021-04-21,ES,EUR/MWh,78.8612
2021-04-22,ES,EUR/MWh,75.6152
2021-04-23,ES,EUR/MWh,67.3121
2021-04-24,ES,EUR/MWh,57.6217
2021-04-25,ES,EUR/MWh,63.6216
2021-04-26,ES,EUR/MWh,76.3938
2021-04-27,ES,EUR/MWh,77.9457
2021-04-28,ES,EUR/MWh,74.2675
2021-04-29,ES,EUR/MWh,75.4992
2021-04-30,ES,EUR/MWh,77.7774
2021-05-01,ES,EUR/MWh,58.6971
2021-05-02,ES,EUR/MWh,61.5523
2021-05-03,ES,EUR/MWh,75.7673
2021-05-04,ES,EUR/MWh,80.3704
2021-05-05,ES,EUR/MWh,75.82
2021-05-06,ES,EUR/MWh,73.0613
2021-05-07,ES,EUR/MWh,74.0558
2021-05-08,ES,EUR/MWh,39.2215
2021-05-09,ES,EUR/MWh,17.629
2021-05-10,ES,EUR/MWh,61.2054
2021-05-11,ES,EUR/MWh,54.0835
2021-05-12,ES,EUR/MWh,53.7291
2021-05-13,ES,EUR/MWh,60.4708
2021-05-14,ES,EUR/MWh,71.9118
2021-05-15,ES,EUR/MWh,46.2733
2021-05-16,ES,EUR/MWh,29.1391
2021-05-17,ES,EUR/MWh,78.9858
2021-05-18,ES,EUR/MWh,76.5968
2021-05-19,ES,EUR/MWh,77.5133
2021-05-20,ES,EUR/MWh,80.2543
2021-05-21,ES,EUR/MWh,67.8509
2021-05-22,ES,EUR/MWh,66.1223
2021-05-23,ES,EUR/MWh,68.1445
2021-05-24,ES,EUR/MWh,69.2357
2021-05-25,ES,EUR/MWh,76.1627
2021-05-26,ES,EUR/MWh,81.7074
2021-05-27,ES,EUR/MWh,86.7148
2021-05-28,ES,EUR/MWh,89.0486
2021-05-29,ES,EUR/MWh,79.459
2021-05-30,ES,EUR/MWh,71.7617
2021-05-31,ES,EUR/MWh,88.7248
2021-06-01,ES,EUR/MWh,86.525
2021-06-02,ES,EUR/MWh,84.2743
2021-06-03,ES,EUR/MWh,79.3317
2021-06-04,ES,EUR/MWh,80.2638
2021-06-05,ES,EUR/MWh,77.2227
2021-06-06,ES,EUR/MWh,67.8752
2021-06-07,ES,EUR/MWh,80.97
2021-06-08,ES,EUR/MWh,82.4437
2021-06-09,ES,EUR/MWh,81.5817
2021-06-10,ES,EUR/MWh,83.5476
2021-06-11,ES,EUR/MWh,82.6743
2021-06-12,ES,EUR/MWh,77.8045
2021-06-13,ES,EUR/MWh,79.763
2021-06-14,ES,EUR/MWh,88.7057
2021-06-15,ES,EUR/MWh,91.6724
2021-06-16,ES,EUR/MWh,94.8105
2021-06-17,ES,EUR/MWh,92.57
2021-06-18,ES,EUR/MWh,92.7808
2021-06-19,ES,EUR/MWh,85.3248
2021-06-20,ES,EUR/MWh,51.7143
2021-06-21,ES,EUR/MWh,84.81
2021-06-22,ES,EUR/MWh,89.3223
2021-06-23,ES,EUR/MWh,89.1574
2021-06-24,ES,EUR/MWh,85.9392
2021-06-25,ES,EUR/MWh,87.1338
2021-06-26,ES,EUR/MWh,83.3157
2021-06-27,ES,EUR/MWh,62.4639
2021-06-28,ES,EUR/MWh,87.6463
2021-06-29,ES,EUR/MWh,93.3154
2021-06-30,ES,EUR/MWh,94.1483
2021-07-01,ES,EUR/MWh,93.0696
2021-07-02,ES,EUR/MWh,99.4575
2021-07-03,ES,EUR/MWh,93.6648
2021-07-04,ES,EUR/MWh,79.6479
2021-07-05,ES,EUR/MWh,94.0
2021-07-06,ES,EUR/MWh,93.8617
2021-07-07,ES,EUR/MWh,97.9678
2021-07-08,ES,EUR/MWh,93.9413
2021-07-09,ES,EUR/MWh,93.7854
2021-07-10,ES,EUR/MWh,90.465
2021-07-11,ES,EUR/MWh,88.6895
2021-07-12,ES,EUR/MWh,86.5475
2021-07-13,ES,EUR/MWh,95.967
2021-07-14,ES,EUR/MWh,82.4226
2021-07-15,ES,EUR/MWh,87.2143
2021-07-16,ES,EUR/MWh,88.88
2021-07-17,ES,EUR/MWh,90.9055
2021-07-18,ES,EUR/MWh,74.6625
2021-07-19,ES,EUR/MWh,99.2054
2021-07-20,ES,EUR/MWh,102.8818
2021-07-21,ES,EUR/MWh,106.1004
2021-07-22,ES,EUR/MWh,101.6721
2021-07-23,ES,EUR/MWh,94.6059
2021-07-24,ES,EUR/MWh,92.4552
2021-07-25,ES,EUR/MWh,92.4332
2021-07-26,ES,EUR/MWh,99.947
2021-07-27,ES,EUR/MWh,97.1105
2021-07-28,ES,EUR/MWh,96.7913
2021-07-29,ES,EUR/MWh,98.9478
2021-07-30,ES,EUR/MWh,93.1096
2021-07-31,ES,EUR/MWh,61.1404
2021-08-01,ES,EUR/MWh,79.5491
2021-08-02,ES,EUR/MWh,103.327
2021-08-03,ES,EUR/MWh,107.2443
2021-08-04,ES,EUR/MWh,105.4729
2021-08-05,ES,EUR/MWh,101.1125
2021-08-06,ES,EUR/MWh,98.0375
2021-08-07,ES,EUR/MWh,64.088
2021-08-08,ES,EUR/MWh,86.1592
2021-08-09,ES,EUR/MWh,107.14
2021-08-10,ES,EUR/MWh,111.3209
2021-08-11,ES,EUR/MWh,114.4196
2021-08-12,ES,EUR/MWh,115.9608
2021-08-13,ES,EUR/MWh,117.8238
2021-08-14,ES,EUR/MWh,114.6096
2021-08-15,ES,EUR/MWh,106.4636
2021-08-16,ES,EUR/MWh,88.405
2021-08-17,ES,EUR/MWh,89.6221
2021-08-18,ES,EUR/MWh,105.7565
2021-08-19,ES,EUR/MWh,116.4095
2021-08-20,ES,EUR/MWh,117.2795
2021-08-21,ES,EUR/MWh,109.4342
2021-08-22,ES,EUR/MWh,99.0565
2021-08-23,ES,EUR/MWh,99.5095
2021-08-24,ES,EUR/MWh,103.9283
2021-08-25,ES,EUR/MWh,117.7048
2021-08-26,ES,EUR/MWh,122.8154
2021-08-27,ES,EUR/MWh,119.2186
2021-08-28,ES,EUR/MWh,107.7738
2021-08-29,ES,EUR/MWh,105.4148
2021-08-30,ES,EUR/MWh,126.1267
2021-08-31,ES,EUR/MWh,130.3378
2021-09-01,ES,EUR/MWh,133.4074
2021-09-02,ES,EUR/MWh,140.5209
2021-09-03,ES,EUR/MWh,138.325
2021-09-04,ES,EUR/MWh,134.7558
2021-09-05,ES,EUR/MWh,127.9662
2021-09-06,ES,EUR/MWh,133.1177
2021-09-07,ES,EUR/MWh,128.7425
2021-09-08,ES,EUR/MWh,135.1017
2021-09-09,ES,EUR/MWh,142.8933
2021-09-10,ES,EUR/MWh,152.755
2021-09-11,ES,EUR/MWh,151.0361
2021-09-12,ES,EUR/MWh,144.4314
2021-09-13,ES,EUR/MWh,152.4274
2021-09-14,ES,EUR/MWh,159.0878
2021-09-15,ES,EUR/MWh,174.54
2021-09-16,ES,EUR/MWh,187.829
2021-09-17,ES,EUR/MWh,170.51
2021-09-18,ES,EUR/MWh,158.3162
2021-09-19,ES,EUR/MWh,143.7986
2021-09-20,ES,EUR/MWh,155.0917
2021-09-21,ES,EUR/MWh,152.4179
2021-09-22,ES,EUR/MWh,175.5596
2021-09-23,ES,EUR/MWh,167.2382
2021-09-24,ES,EUR/MWh,174.8367
2021-09-25,ES,EUR/MWh,165.4604
2021-09-26,ES,EUR/MWh,159.8082
2021-09-27,ES,EUR/MWh,176.0878
2021-09-28,ES,EUR/MWh,181.8565
2021-09-29,ES,EUR/MWh,188.6575
2021-09-30,ES,EUR/MWh,197.0559
2021-10-01,ES,EUR/MWh,217.9757
2021-10-02,ES,EUR/MWh,157.9509
2021-10-03,ES,EUR/MWh,115.6558
2021-10-04,ES,EUR/MWh,189.7392
2021-10-05,ES,EUR/MWh,210.0373
2021-10-06,ES,EUR/MWh,229.7627
2021-10-07,ES,EUR/MWh,280.235
2021-10-08,ES,EUR/MWh,230.3508
2021-10-09,ES,EUR/MWh,221.0524
2021-10-10,ES,EUR/MWh,174.5722
2021-10-11,ES,EUR/MWh,189.7174
2021-10-12,ES,EUR/MWh,184.105
2021-10-13,ES,EUR/MWh,189.4012
2021-10-14,ES,EUR/MWh,217.8712
2021-10-15,ES,EUR/MWh,232.3821
2021-10-16,ES,EUR/MWh,225.1009
2021-10-17,ES,EUR/MWh,211.6264
2021-10-18,ES,EUR/MWh,227.0238
2021-10-19,ES,EUR/MWh,204.09
2021-10-20,ES,EUR/MWh,205.677
2021-10-21,ES,EUR/MWh,209.265
2021-10-22,ES,EUR/MWh,205.3522
2021-10-23,ES,EUR/MWh,213.73
2021-10-24,ES,EUR/MWh,213.1533
2021-10-25,ES,EUR/MWh,223.7757
2021-10-26,ES,EUR/MWh,218.475
2021-10-27,ES,EUR/MWh,224.0873
2021-10-28,ES,EUR/MWh,199.0833
2021-10-29,ES,EUR/MWh,172.3296
2021-10-30,ES,EUR/MWh,125.8825
2021-10-31,ES,EUR/MWh,76.2775
2021-11-01,ES,EUR/MWh,92.5579
2021-11-02,ES,EUR/MWh,147.4304
2021-11-03,ES,EUR/MWh,155.0729
2021-11-04,ES,EUR/MWh,172.1996
2021-11-05,ES,EUR/MWh,172.0717
2021-11-06,ES,EUR/MWh,155.4575
2021-11-07,ES,EUR/MWh,133.2704
2021-11-08,ES,EUR/MWh,169.1895
2021-11-09,ES,EUR/MWh,179.8688
2021-11-10,ES,EUR/MWh,198.4892
2021-11-11,ES,EUR/MWh,183.8792
2021-11-12,ES,EUR/MWh,185.2608
2021-11-13,ES,EUR/MWh,185.1384
2021-11-14,ES,EUR/MWh,171.6854
2021-11-15,ES,EUR/MWh,181.2675
2021-11-16,ES,EUR/MWh,192.3004
2021-11-17,ES,EUR/MWh,195.9842
2021-11-18,ES,EUR/MWh,226.8846
2021-11-19,ES,EUR/MWh,228.2426
2021-11-20,ES,EUR/MWh,222.9486
2021-11-21,ES,EUR/MWh,227.9225
2021-11-22,ES,EUR/MWh,235.7457
2021-11-23,ES,EUR/MWh,226.5843
2021-11-24,ES,EUR/MWh,225.5896
2021-11-25,ES,EUR/MWh,228.03
2021-11-26,ES,EUR/MWh,226.8979
2021-11-27,ES,EUR/MWh,203.7992
2021-11-28,ES,EUR/MWh,200.9771
2021-11-29,ES,EUR/MWh,217.3242
2021-11-30,ES,EUR/MWh,276.2226
2021-12-01,ES,EUR/MWh,244.7929
2021-12-02,ES,EUR/MWh,221.1562
2021-12-03,ES,EUR/MWh,226.0442
2021-12-04,ES,EUR/MWh,216.4728
2021-12-05,ES,EUR/MWh,101.0281
2021-12-06,ES,EUR/MWh,211.247
2021-12-07,ES,EUR/MWh,211.55
2021-12-08,ES,EUR/MWh,113.6604
2021-12-09,ES,EUR/MWh,216.0
2021-12-10,ES,EUR/MWh,210.0342
2021-12-11,ES,EUR/MWh,241.2808
2021-12-12,ES,EUR/MWh,256.4558
2021-12-13,ES,EUR/MWh,269.8904
2021-12-14,ES,EUR/MWh,287.9538
2021-12-15,ES,EUR/MWh,291.62
2021-12-16,ES,EUR/MWh,302.0822
2021-12-17,ES,EUR/MWh,309.7387
2021-12-18,ES,EUR/MWh,307.3921
2021-12-19,ES,EUR/MWh,318.8461
2021-12-20,ES,EUR/MWh,340.0729
2021-12-21,ES,EUR/MWh,331.1735
2021-12-22,ES,EUR/MWh,360.53
2021-12-23,ES,EUR/MWh,377.7185
2021-12-24,ES,EUR/MWh,306.935
2021-12-25,ES,EUR/MWh,225.5304
2021-12-26,ES,EUR/MWh,181.3921
2021-12-27,ES,EUR/MWh,109.9871
2021-12-28,ES,EUR/MWh,106.3458
2021-12-29,ES,EUR/MWh,184.7808
2021-12-30,ES,EUR/MWh,199.3813
2021-12-31,ES,EUR/MWh,140.6488
2022-01-01,ES,EUR/MWh,125.5738
2022-01-02,ES,EUR/MWh,141.6345
2022-01-03,ES,EUR/MWh,147.256
2022-01-04,ES,EUR/MWh,152.39
2022-01-05,ES,EUR/MWh,183.8267
2022-01-06,ES,EUR/MWh,213.2425
2022-01-07,ES,EUR/MWh,217.0978
2022-01-08,ES,EUR/MWh,196.1683
2022-01-09,ES,EUR/MWh,124.5059
2022-01-10,ES,EUR/MWh,217.8525
2022-01-11,ES,EUR/MWh,222.0664
2022-01-12,ES,EUR/MWh,206.1552
2022-01-13,ES,EUR/MWh,215.3109
2022-01-14,ES,EUR/MWh,203.6558
2022-01-15,ES,EUR/MWh,218.9812
2022-01-16,ES,EUR/MWh,214.205
2022-01-17,ES,EUR/MWh,243.383
2022-01-18,ES,EUR/MWh,223.4596
2022-01-19,ES,EUR/MWh,212.0783
2022-01-20,ES,EUR/MWh,190.0483
2022-01-21,ES,EUR/MWh,180.7104
2022-01-22,ES,EUR/MWh,191.4896
2022-01-23,ES,EUR/MWh,201.0538
2022-01-24,ES,EUR/MWh,227.587
2022-01-25,ES,EUR/MWh,225.2612
2022-01-26,ES,EUR/MWh,236.3145
2022-01-27,ES,EUR/MWh,231.5209
2022-01-28,ES,EUR/MWh,224.4183
2022-01-29,ES,EUR/MWh,222.0443
2022-01-30,ES,EUR/MWh,230.8321
2022-01-31,ES,EUR/MWh,222.6891
2022-02-01,ES,EUR/MWh,205.5558
2022-02-02,ES,EUR/MWh,211.5792
2022-02-03,ES,EUR/MWh,207.3557
2022-02-04,ES,EUR/MWh,196.5687
2022-02-05,ES,EUR/MWh,197.2217
2022-02-06,ES,EUR/MWh,190.9422
2022-02-07,ES,EUR/MWh,206.2329
2022-02-08,ES,EUR/MWh,204.1567
2022-02-09,ES,EUR/MWh,210.9975
2022-02-10,ES,EUR/MWh,205.3975
2022-02-11,ES,EUR/MWh,197.0404
2022-02-12,ES,EUR/MWh,199.2646
2022-02-13,ES,EUR/MWh,159.3748
2022-02-14,ES,EUR/MWh,185.1825
2022-02-15,ES,EUR/MWh,198.8496
2022-02-16,ES,EUR/MWh,176.3454
2022-02-17,ES,EUR/MWh,169.4878
2022-02-18,ES,EUR/MWh,181.3326
2022-02-19,ES,EUR/MWh,142.3414
2022-02-20,ES,EUR/MWh,162.7671
2022-02-21,ES,EUR/MWh,182.3842
2022-02-22,ES,EUR/MWh,179.8208
2022-02-23,ES,EUR/MWh,197.1979
2022-02-24,ES,EUR/MWh,206.4104
2022-02-25,ES,EUR/MWh,242.44
2022-02-26,ES,EUR/MWh,259.8896
2022-02-27,ES,EUR/MWh,256.5405
2022-02-28,ES,EUR/MWh,276.6875
2022-03-01,ES,EUR/MWh,257.9146
2022-03-02,ES,EUR/MWh,257.3688
2022-03-03,ES,EUR/MWh,342.3079
2022-03-04,ES,EUR/MWh,343.1876
2022-03-05,ES,EUR/MWh,366.6381
2022-03-06,ES,EUR/MWh,377.3035
2022-03-07,ES,EUR/MWh,442.2727
2022-03-08,ES,EUR/MWh,551.7139
2022-03-09,ES,EUR/MWh,469.5217
2022-03-10,ES,EUR/MWh,367.2191
2022-03-11,ES,EUR/MWh,285.4121
2022-03-12,ES,EUR/MWh,244.7909
2022-03-13,ES,EUR/MWh,251.1
2022-03-14,ES,EUR/MWh,248.5371
2022-03-15,ES,EUR/MWh,250.412
2022-03-16,ES,EUR/MWh,261.6342
2022-03-17,ES,EUR/MWh,219.2918
2022-03-18,ES,EUR/MWh,237.9059
2022-03-19,ES,EUR/MWh,221.1439
2022-03-20,ES,EUR/MWh,208.5409
2022-03-21,ES,EUR/MWh,229.8908
2022-03-22,ES,EUR/MWh,225.9958
2022-03-23,ES,EUR/MWh,212.4908
2022-03-24,ES,EUR/MWh,227.45
2022-03-25,ES,EUR/MWh,264.0038
2022-03-26,ES,EUR/MWh,237.1133
2022-03-27,ES,EUR/MWh,217.1792
2022-03-28,ES,EUR/MWh,233.2133
2022-03-29,ES,EUR/MWh,249.3222
2022-03-30,ES,EUR/MWh,256.6075
2022-03-31,ES,EUR/MWh,233.9592
2022-04-01,ES,EUR/MWh,232.2442
2022-04-02,ES,EUR/MWh,224.6654
2022-04-03,ES,EUR/MWh,219.2628
2022-04-04,ES,EUR/MWh,256.9078
2022-04-05,ES,EUR/MWh,267.7708
2022-04-06,ES,EUR/MWh,251.9908
2022-04-07,ES,EUR/MWh,213.5778
2022-04-08,ES,EUR/MWh,164.5068
2022-04-09,ES,EUR/MWh,242.2674
2022-04-10,ES,EUR/MWh,172.6411
2022-04-11,ES,EUR/MWh,169.1679
2022-04-12,ES,EUR/MWh,239.9475
2022-04-13,ES,EUR/MWh,228.0833
2022-04-14,ES,EUR/MWh,218.7057
2022-04-15,ES,EUR/MWh,198.3196
2022-04-16,ES,EUR/MWh,147.5726
2022-04-17,ES,EUR/MWh,106.2138
2022-04-18,ES,EUR/MWh,104.7437
2022-04-19,ES,EUR/MWh,114.8782
2022-04-20,ES,EUR/MWh,88.3262
2022-04-21,ES,EUR/MWh,167.4426
2022-04-22,ES,EUR/MWh,205.2943
2022-04-23,ES,EUR/MWh,98.2935
2022-04-24,ES,EUR/MWh,158.1525
2022-04-25,ES,EUR/MWh,224.1054
2022-04-26,ES,EUR/MWh,231.6162
2022-04-27,ES,EUR/MWh,221.3025
2022-04-28,ES,EUR/MWh,224.2854
2022-04-29,ES,EUR/MWh,215.4261
2022-04-30,ES,EUR/MWh,187.4609
2022-05-01,ES,EUR/MWh,177.4342
2022-05-02,ES,EUR/MWh,187.187
2022-05-03,ES,EUR/MWh,196.1412
2022-05-04,ES,EUR/MWh,201.8525
2022-05-05,ES,EUR/MWh,192.4904
2022-05-06,ES,EUR/MWh,196.9296
2022-05-07,ES,EUR/MWh,187.7327
2022-05-08,ES,EUR/MWh,172.6792
2022-05-09,ES,EUR/MWh,209.3088
2022-05-10,ES,EUR/MWh,207.7867
2022-05-11,ES,EUR/MWh,183.9675
2022-05-12,ES,EUR/MWh,191.83
2022-05-13,ES,EUR/MWh,204.0925
2022-05-14,ES,EUR/MWh,190.39
2022-05-15,ES,EUR/MWh,130.0187
2022-05-16,ES,EUR/MWh,197.3217
2022-05-17,ES,EUR/MWh,199.15
2022-05-18,ES,EUR/MWh,194.3454
2022-05-19,ES,EUR/MWh,193.6426
2022-05-20,ES,EUR/MWh,201.3275
2022-05-21,ES,EUR/MWh,180.57
2022-05-22,ES,EUR/MWh,169.4135
2022-05-23,ES,EUR/MWh,193.0983
2022-05-24,ES,EUR/MWh,182.273
2022-05-25,ES,EUR/MWh,184.0517
2022-05-26,ES,EUR/MWh,172.0721
2022-05-27,ES,EUR/MWh,169.3187
2022-05-28,ES,EUR/MWh,163.9804
2022-05-29,ES,EUR/MWh,163.5396
2022-05-30,ES,EUR/MWh,208.2221
2022-05-31,ES,EUR/MWh,215.0555
2022-06-01,ES,EUR/MWh,212.3812
2022-06-02,ES,EUR/MWh,215.8804
2022-06-03,ES,EUR/MWh,212.6375
2022-06-04,ES,EUR/MWh,202.2713
2022-06-05,ES,EUR/MWh,193.1974
2022-06-06,ES,EUR/MWh,194.2983
2022-06-07,ES,EUR/MWh,192.7013
2022-06-08,ES,EUR/MWh,185.7239
2022-06-09,ES,EUR/MWh,183.2379
2022-06-10,ES,EUR/MWh,196.9526
2022-06-11,ES,EUR/MWh,185.3479
2022-06-12,ES,EUR/MWh,167.037
2022-06-13,ES,EUR/MWh,203.2809
2022-06-14,ES,EUR/MWh,211.49
2022-06-15,ES,EUR/MWh,164.2713
2022-06-16,ES,EUR/MWh,172.3014
2022-06-17,ES,EUR/MWh,181.0735
2022-06-18,ES,EUR/MWh,143.5404
2022-06-19,ES,EUR/MWh,125.6109
2022-06-20,ES,EUR/MWh,155.7825
2022-06-21,ES,EUR/MWh,145.259
2022-06-22,ES,EUR/MWh,155.4209
2022-06-23,ES,EUR/MWh,146.813
2022-06-24,ES,EUR/MWh,139.7929
2022-06-25,ES,EUR/MWh,124.9278
2022-06-26,ES,EUR/MWh,116.1745
2022-06-27,ES,EUR/MWh,143.743
2022-06-28,ES,EUR/MWh,147.0757
2022-06-29,ES,EUR/MWh,130.3614
2022-06-30,ES,EUR/MWh,132.7057
2022-07-01,ES,EUR/MWh,146.6704
2022-07-02,ES,EUR/MWh,143.8138
2022-07-03,ES,EUR/MWh,132.3465
2022-07-04,ES,EUR/MWh,156.7441
2022-07-05,ES,EUR/MWh,138.5183
2022-07-06,ES,EUR/MWh,145.5304
2022-07-07,ES,EUR/MWh,123.7177
2022-07-08,ES,EUR/MWh,145.6091
2022-07-09,ES,EUR/MWh,149.2961
2022-07-10,ES,EUR/MWh,139.5627
2022-07-11,ES,EUR/MWh,157.4283
2022-07-12,ES,EUR/MWh,156.7622
2022-07-13,ES,EUR/MWh,160.79
2022-07-14,ES,EUR/MWh,159.0096
2022-07-15,ES,EUR/MWh,149.865
2022-07-16,ES,EUR/MWh,129.7726
2022-07-17,ES,EUR/MWh,105.0857
2022-07-18,ES,EUR/MWh,118.6214
2022-07-19,ES,EUR/MWh,142.7965
2022-07-20,ES,EUR/MWh,146.3983
2022-07-21,ES,EUR/MWh,139.2129
2022-07-22,ES,EUR/MWh,134.2888
2022-07-23,ES,EUR/MWh,158.1377
2022-07-24,ES,EUR/MWh,137.1017
2022-07-25,ES,EUR/MWh,153.8786
2022-07-26,ES,EUR/MWh,146.7978
2022-07-27,ES,EUR/MWh,151.2583
2022-07-28,ES,EUR/MWh,167.5774
2022-07-29,ES,EUR/MWh,141.7591
2022-07-30,ES,EUR/MWh,127.4667
2022-07-31,ES,EUR/MWh,116.1604
2022-08-01,ES,EUR/MWh,147.758
2022-08-02,ES,EUR/MWh,151.6589
2022-08-03,ES,EUR/MWh,148.2086
2022-08-04,ES,EUR/MWh,145.331
2022-08-05,ES,EUR/MWh,134.2805
2022-08-06,ES,EUR/MWh,137.3342
2022-08-07,ES,EUR/MWh,124.0567
2022-08-08,ES,EUR/MWh,146.8883
2022-08-09,ES,EUR/MWh,143.4846
2022-08-10,ES,EUR/MWh,147.3795
2022-08-11,ES,EUR/MWh,150.8645
2022-08-12,ES,EUR/MWh,158.0236
2022-08-13,ES,EUR/MWh,156.9448
2022-08-14,ES,EUR/MWh,149.443
2022-08-15,ES,EUR/MWh,146.2187
2022-08-16,ES,EUR/MWh,143.8536
2022-08-17,ES,EUR/MWh,137.7546
2022-08-18,ES,EUR/MWh,133.0274
2022-08-19,ES,EUR/MWh,141.9252
2022-08-20,ES,EUR/MWh,170.5543
2022-08-21,ES,EUR/MWh,140.8583
2022-08-22,ES,EUR/MWh,175.5146
2022-08-23,ES,EUR/MWh,185.3354
2022-08-24,ES,EUR/MWh,184.0825
2022-08-25,ES,EUR/MWh,163.8427
2022-08-26,ES,EUR/MWh,179.925
2022-08-27,ES,EUR/MWh,166.3009
2022-08-28,ES,EUR/MWh,144.389
2022-08-29,ES,EUR/MWh,189.6946
2022-08-30,ES,EUR/MWh,200.935
2022-08-31,ES,EUR/MWh,186.01
2022-09-01,ES,EUR/MWh,192.2648
2022-09-02,ES,EUR/MWh,152.1113
2022-09-03,ES,EUR/MWh,123.1033
2022-09-04,ES,EUR/MWh,148.2217
2022-09-05,ES,EUR/MWh,184.9887
2022-09-06,ES,EUR/MWh,166.4317
2022-09-07,ES,EUR/MWh,111.245
2022-09-08,ES,EUR/MWh,159.5657
2022-09-09,ES,EUR/MWh,161.3337
2022-09-10,ES,EUR/MWh,176.3613
2022-09-11,ES,EUR/MWh,159.5171
2022-09-12,ES,EUR/MWh,174.1264
2022-09-13,ES,EUR/MWh,127.2196
2022-09-14,ES,EUR/MWh,138.4226
2022-09-15,ES,EUR/MWh,177.6483
2022-09-16,ES,EUR/MWh,161.4974
2022-09-17,ES,EUR/MWh,68.8239
2022-09-18,ES,EUR/MWh,135.7152
2022-09-19,ES,EUR/MWh,191.9152
2022-09-20,ES,EUR/MWh,148.2167
2022-09-21,ES,EUR/MWh,141.6958
2022-09-22,ES,EUR/MWh,175.3904
2022-09-23,ES,EUR/MWh,129.5559
2022-09-24,ES,EUR/MWh,102.7563
2022-09-25,ES,EUR/MWh,73.3774
2022-09-26,ES,EUR/MWh,124.4704
2022-09-27,ES,EUR/MWh,102.0974
2022-09-28,ES,EUR/MWh,108.0129
2022-09-29,ES,EUR/MWh,116.2443
2022-09-30,ES,EUR/MWh,123.0754
2022-10-01,ES,EUR/MWh,116.7743
2022-10-02,ES,EUR/MWh,146.765
2022-10-03,ES,EUR/MWh,201.0639
2022-10-04,ES,EUR/MWh,191.0308
2022-10-05,ES,EUR/MWh,160.0574
2022-10-06,ES,EUR/MWh,118.2322
2022-10-07,ES,EUR/MWh,155.4375
2022-10-08,ES,EUR/MWh,118.2796
2022-10-09,ES,EUR/MWh,112.0612
2022-10-10,ES,EUR/MWh,168.4654
2022-10-11,ES,EUR/MWh,169.4748
2022-10-12,ES,EUR/MWh,128.6867
2022-10-13,ES,EUR/MWh,147.5092
2022-10-14,ES,EUR/MWh,133.9458
2022-10-15,ES,EUR/MWh,116.497
2022-10-16,ES,EUR/MWh,105.3952
2022-10-17,ES,EUR/MWh,142.12
2022-10-18,ES,EUR/MWh,107.4083
2022-10-19,ES,EUR/MWh,80.3805
2022-10-20,ES,EUR/MWh,87.3012
2022-10-21,ES,EUR/MWh,112.3191
2022-10-22,ES,EUR/MWh,101.1258
2022-10-23,ES,EUR/MWh,76.9886
2022-10-24,ES,EUR/MWh,112.8517
2022-10-25,ES,EUR/MWh,106.7204
2022-10-26,ES,EUR/MWh,109.0671
2022-10-27,ES,EUR/MWh,113.87
2022-10-28,ES,EUR/MWh,112.2465
2022-10-29,ES,EUR/MWh,103.7946
2022-10-30,ES,EUR/MWh,138.7584
2022-10-31,ES,EUR/MWh,163.6783
2022-11-01,ES,EUR/MWh,109.6778
2022-11-02,ES,EUR/MWh,126.4583
2022-11-03,ES,EUR/MWh,122.7522
2022-11-04,ES,EUR/MWh,150.2554
2022-11-05,ES,EUR/MWh,125.3045
2022-11-06,ES,EUR/MWh,113.6733
2022-11-07,ES,EUR/MWh,118.955
2022-11-08,ES,EUR/MWh,113.8667
2022-11-09,ES,EUR/MWh,134.5665
2022-11-10,ES,EUR/MWh,135.6071
2022-11-11,ES,EUR/MWh,121.1713
2022-11-12,ES,EUR/MWh,109.1123
2022-11-13,ES,EUR/MWh,131.8113
2022-11-14,ES,EUR/MWh,138.1658
2022-11-15,ES,EUR/MWh,110.5173
2022-11-16,ES,EUR/MWh,101.4818
2022-11-17,ES,EUR/MWh,84.653
2022-11-18,ES,EUR/MWh,113.5205
2022-11-19,ES,EUR/MWh,71.2995
2022-11-20,ES,EUR/MWh,96.7383
2022-11-21,ES,EUR/MWh,77.8913
2022-11-22,ES,EUR/MWh,76.6573
2022-11-23,ES,EUR/MWh,97.4717
2022-11-24,ES,EUR/MWh,139.2013
2022-11-25,ES,EUR/MWh,140.9479
2022-11-26,ES,EUR/MWh,131.3791
2022-11-27,ES,EUR/MWh,117.5981
2022-11-28,ES,EUR/MWh,105.4326
2022-11-29,ES,EUR/MWh,124.6573
2022-11-30,ES,EUR/MWh,151.5385
2022-12-01,ES,EUR/MWh,149.3783
2022-12-02,ES,EUR/MWh,126.2317
2022-12-03,ES,EUR/MWh,123.4214
2022-12-04,ES,EUR/MWh,194.0829
2022-12-05,ES,EUR/MWh,206.6212
2022-12-06,ES,EUR/MWh,153.0561
2022-12-07,ES,EUR/MWh,141.1623
2022-12-08,ES,EUR/MWh,122.9648
2022-12-09,ES,EUR/MWh,144.2717
2022-12-10,ES,EUR/MWh,127.9026
2022-12-11,ES,EUR/MWh,145.373
2022-12-12,ES,EUR/MWh,109.8342
2022-12-13,ES,EUR/MWh,122.3579
2022-12-14,ES,EUR/MWh,98.5055
2022-12-15,ES,EUR/MWh,133.9986
2022-12-16,ES,EUR/MWh,129.7157
2022-12-17,ES,EUR/MWh,133.4575
2022-12-18,ES,EUR/MWh,94.855
2022-12-19,ES,EUR/MWh,80.1683
2022-12-20,ES,EUR/MWh,70.811
2022-12-21,ES,EUR/MWh,62.9946
2022-12-22,ES,EUR/MWh,51.4691
2022-12-23,ES,EUR/MWh,26.8414
2022-12-24,ES,EUR/MWh,35.173
2022-12-25,ES,EUR/MWh,22.6994
2022-12-26,ES,EUR/MWh,78.7358
2022-12-27,ES,EUR/MWh,107.6625
2022-12-28,ES,EUR/MWh,40.9739
2022-12-29,ES,EUR/MWh,16.4021
2022-12-30,ES,EUR/MWh,6.5086
2022-12-31,ES,EUR/MWh,3.0315
2023-01-01,ES,EUR/MWh,18.194
2023-01-02,ES,EUR/MWh,115.4096
2023-01-03,ES,EUR/MWh,138.3692
2023-01-04,ES,EUR/MWh,114.2179
2023-01-05,ES,EUR/MWh,109.6917
2023-01-06,ES,EUR/MWh,100.3409
2023-01-07,ES,EUR/MWh,22.1435
2023-01-08,ES,EUR/MWh,10.2256
2023-01-09,ES,EUR/MWh,97.7845
2023-01-10,ES,EUR/MWh,106.4412
2023-01-11,ES,EUR/MWh,92.6468
2023-01-12,ES,EUR/MWh,93.8635
2023-01-13,ES,EUR/MWh,89.3233
2023-01-14,ES,EUR/MWh,50.9365
2023-01-15,ES,EUR/MWh,21.9243
2023-01-16,ES,EUR/MWh,14.11
2023-01-17,ES,EUR/MWh,5.634
2023-01-18,ES,EUR/MWh,29.7106
2023-01-19,ES,EUR/MWh,34.8483
2023-01-20,ES,EUR/MWh,93.0748
2023-01-21,ES,EUR/MWh,57.7109
2023-01-22,ES,EUR/MWh,38.4337
2023-01-23,ES,EUR/MWh,74.6427
2023-01-24,ES,EUR/MWh,90.0761
2023-01-25,ES,EUR/MWh,94.4195
2023-01-26,ES,EUR/MWh,66.8004
2023-01-27,ES,EUR/MWh,45.3054
2023-01-28,ES,EUR/MWh,41.18
2023-01-29,ES,EUR/MWh,73.043
2023-01-30,ES,EUR/MWh,135.7138
2023-01-31,ES,EUR/MWh,129.9595
2023-02-01,ES,EUR/MWh,127.9792
2023-02-02,ES,EUR/MWh,140.4781
2023-02-03,ES,EUR/MWh,139.9275
2023-02-04,ES,EUR/MWh,123.3388
2023-02-05,ES,EUR/MWh,92.4539
2023-02-06,ES,EUR/MWh,136.3092
2023-02-07,ES,EUR/MWh,136.1574
2023-02-08,ES,EUR/MWh,138.3342
2023-02-09,ES,EUR/MWh,144.8396
2023-02-10,ES,EUR/MWh,141.9554
2023-02-11,ES,EUR/MWh,132.7513
2023-02-12,ES,EUR/MWh,138.7355
2023-02-13,ES,EUR/MWh,146.5808
2023-02-14,ES,EUR/MWh,143.263
2023-02-15,ES,EUR/MWh,145.9404
2023-02-16,ES,EUR/MWh,144.5187
2023-02-17,ES,EUR/MWh,134.6642
2023-02-18,ES,EUR/MWh,129.6877
2023-02-19,ES,EUR/MWh,122.8988
2023-02-20,ES,EUR/MWh,135.71
2023-02-21,ES,EUR/MWh,151.0333
2023-02-22,ES,EUR/MWh,144.2458
2023-02-23,ES,EUR/MWh,140.5196
2023-02-24,ES,EUR/MWh,149.1038
2023-02-25,ES,EUR/MWh,142.1625
2023-02-26,ES,EUR/MWh,89.0138
2023-02-27,ES,EUR/MWh,121.4561
2023-02-28,ES,EUR/MWh,134.0658
2023-03-01,ES,EUR/MWh,145.94
2023-03-02,ES,EUR/MWh,144.5743
2023-03-03,ES,EUR/MWh,143.5004
2023-03-04,ES,EUR/MWh,138.6462
2023-03-05,ES,EUR/MWh,144.1288
2023-03-06,ES,EUR/MWh,147.3167
2023-03-07,ES,EUR/MWh,119.56
2023-03-08,ES,EUR/MWh,99.4939
2023-03-09,ES,EUR/MWh,71.3322
2023-03-10,ES,EUR/MWh,44.7839
2023-03-11,ES,EUR/MWh,36.15
2023-03-12,ES,EUR/MWh,78.8933
2023-03-13,ES,EUR/MWh,39.6514
2023-03-14,ES,EUR/MWh,66.6879
2023-03-15,ES,EUR/MWh,131.9888
2023-03-16,ES,EUR/MWh,88.7226
2023-03-17,ES,EUR/MWh,73.4926
2023-03-18,ES,EUR/MWh,101.5567
2023-03-19,ES,EUR/MWh,99.1091
2023-03-20,ES,EUR/MWh,121.4304
2023-03-21,ES,EUR/MWh,118.8475
2023-03-22,ES,EUR/MWh,100.8425
2023-03-23,ES,EUR/MWh,82.1413
2023-03-24,ES,EUR/MWh,58.8617
2023-03-25,ES,EUR/MWh,38.8463
2023-03-26,ES,EUR/MWh,44.4461
2023-03-27,ES,EUR/MWh,107.6287
2023-03-28,ES,EUR/MWh,111.0513
2023-03-29,ES,EUR/MWh,67.8835
2023-03-30,ES,EUR/MWh,32.7571
2023-03-31,ES,EUR/MWh,21.3404
2023-04-01,ES,EUR/MWh,33.09
2023-04-02,ES,EUR/MWh,23.8106
2023-04-03,ES,EUR/MWh,64.2658
2023-04-04,ES,EUR/MWh,60.7514
2023-04-05,ES,EUR/MWh,107.4454
2023-04-06,ES,EUR/MWh,89.3914
2023-04-07,ES,EUR/MWh,84.8355
2023-04-08,ES,EUR/MWh,86.8067
2023-04-09,ES,EUR/MWh,75.9296
2023-04-10,ES,EUR/MWh,52.8674
2023-04-11,ES,EUR/MWh,92.3517
2023-04-12,ES,EUR/MWh,45.8065
2023-04-13,ES,EUR/MWh,60.5548
2023-04-14,ES,EUR/MWh,44.3095
2023-04-15,ES,EUR/MWh,22.3833
2023-04-16,ES,EUR/MWh,40.1878
2023-04-17,ES,EUR/MWh,72.5876
2023-04-18,ES,EUR/MWh,101.8871
2023-04-19,ES,EUR/MWh,113.9752
2023-04-20,ES,EUR/MWh,107.7362
2023-04-21,ES,EUR/MWh,100.4425
2023-04-22,ES,EUR/MWh,78.0088
2023-04-23,ES,EUR/MWh,65.185
2023-04-24,ES,EUR/MWh,97.9987
2023-04-25,ES,EUR/MWh,89.1054
2023-04-26,ES,EUR/MWh,109.4178
2023-04-27,ES,EUR/MWh,110.3743
2023-04-28,ES,EUR/MWh,107.9173
2023-04-29,ES,EUR/MWh,84.882
2023-04-30,ES,EUR/MWh,65.8483
2023-05-01,ES,EUR/MWh,66.9295
2023-05-02,ES,EUR/MWh,109.9309
2023-05-03,ES,EUR/MWh,82.085
2023-05-04,ES,EUR/MWh,92.4354
2023-05-05,ES,EUR/MWh,101.6787
2023-05-06,ES,EUR/MWh,90.055
2023-05-07,ES,EUR/MWh,68.7486
2023-05-08,ES,EUR/MWh,97.8371
2023-05-09,ES,EUR/MWh,91.0578
2023-05-10,ES,EUR/MWh,83.2621
2023-05-11,ES,EUR/MWh,82.973
2023-05-12,ES,EUR/MWh,73.4779
2023-05-13,ES,EUR/MWh,54.1714
2023-05-14,ES,EUR/MWh,60.8493
2023-05-15,ES,EUR/MWh,60.6505
2023-05-16,ES,EUR/MWh,45.0509
2023-05-17,ES,EUR/MWh,49.5737
2023-05-18,ES,EUR/MWh,54.3841
2023-05-19,ES,EUR/MWh,63.2914
2023-05-20,ES,EUR/MWh,46.9109
2023-05-21,ES,EUR/MWh,36.2378
2023-05-22,ES,EUR/MWh,89.6288
2023-05-23,ES,EUR/MWh,83.9218
2023-05-24,ES,EUR/MWh,85.3383
2023-05-25,ES,EUR/MWh,76.5439
2023-05-26,ES,EUR/MWh,66.4771
2023-05-27,ES,EUR/MWh,87.175
2023-05-28,ES,EUR/MWh,82.5855
2023-05-29,ES,EUR/MWh,96.9045
2023-05-30,ES,EUR/MWh,94.5982
2023-05-31,ES,EUR/MWh,88.4145
2023-06-01,ES,EUR/MWh,85.3464
2023-06-02,ES,EUR/MWh,88.0191
2023-06-03,ES,EUR/MWh,80.1913
2023-06-04,ES,EUR/MWh,75.006
2023-06-05,ES,EUR/MWh,86.3971
2023-06-06,ES,EUR/MWh,86.5596
2023-06-07,ES,EUR/MWh,88.1596
2023-06-08,ES,EUR/MWh,81.52
2023-06-09,ES,EUR/MWh,82.503
2023-06-10,ES,EUR/MWh,80.4178
2023-06-11,ES,EUR/MWh,69.4587
2023-06-12,ES,EUR/MWh,94.5304
2023-06-13,ES,EUR/MWh,87.1957
2023-06-14,ES,EUR/MWh,86.3313
2023-06-15,ES,EUR/MWh,107.2296
2023-06-16,ES,EUR/MWh,122.5768
2023-06-17,ES,EUR/MWh,96.7392
2023-06-18,ES,EUR/MWh,84.8992
2023-06-19,ES,EUR/MWh,108.3687
2023-06-20,ES,EUR/MWh,112.8074
2023-06-21,ES,EUR/MWh,118.7592
2023-06-22,ES,EUR/MWh,120.69
2023-06-23,ES,EUR/MWh,109.4671
2023-06-24,ES,EUR/MWh,83.4745
2023-06-25,ES,EUR/MWh,69.4204
2023-06-26,ES,EUR/MWh,94.45
2023-06-27,ES,EUR/MWh,99.2554
2023-06-28,ES,EUR/MWh,106.0124
2023-06-29,ES,EUR/MWh,103.3712
2023-06-30,ES,EUR/MWh,95.4143
2023-07-01,ES,EUR/MWh,61.41
2023-07-02,ES,EUR/MWh,66.8307
2023-07-03,ES,EUR/MWh,117.7714
2023-07-04,ES,EUR/MWh,112.9213
2023-07-05,ES,EUR/MWh,107.96
2023-07-06,ES,EUR/MWh,111.8965
2023-07-07,ES,EUR/MWh,100.6478
2023-07-08,ES,EUR/MWh,88.7517
2023-07-09,ES,EUR/MWh,90.8733
2023-07-10,ES,EUR/MWh,108.8383
2023-07-11,ES,EUR/MWh,104.387
2023-07-12,ES,EUR/MWh,100.7354
2023-07-13,ES,EUR/MWh,104.9341
2023-07-14,ES,EUR/MWh,86.6112
2023-07-15,ES,EUR/MWh,58.4555
2023-07-16,ES,EUR/MWh,64.6632
2023-07-17,ES,EUR/MWh,89.3243
2023-07-18,ES,EUR/MWh,97.2722
2023-07-19,ES,EUR/MWh,94.5346
2023-07-20,ES,EUR/MWh,93.6588
2023-07-21,ES,EUR/MWh,94.3005
2023-07-22,ES,EUR/MWh,92.6561
2023-07-23,ES,EUR/MWh,67.3445
2023-07-24,ES,EUR/MWh,88.9935
2023-07-25,ES,EUR/MWh,91.9722
2023-07-26,ES,EUR/MWh,102.5512
2023-07-27,ES,EUR/MWh,99.5073
2023-07-28,ES,EUR/MWh,97.2827
2023-07-29,ES,EUR/MWh,81.7364
2023-07-30,ES,EUR/MWh,67.7225
2023-07-31,ES,EUR/MWh,89.7713
2023-08-01,ES,EUR/MWh,86.2742
2023-08-02,ES,EUR/MWh,72.6157
2023-08-03,ES,EUR/MWh,66.1995
2023-08-04,ES,EUR/MWh,66.1677
2023-08-05,ES,EUR/MWh,69.5945
2023-08-06,ES,EUR/MWh,34.08
2023-08-07,ES,EUR/MWh,77.7812
2023-08-08,ES,EUR/MWh,98.9525
2023-08-09,ES,EUR/MWh,100.4687
2023-08-10,ES,EUR/MWh,104.95
2023-08-11,ES,EUR/MWh,112.6058
2023-08-12,ES,EUR/MWh,96.1586
2023-08-13,ES,EUR/MWh,73.355
2023-08-14,ES,EUR/MWh,97.7959
2023-08-15,ES,EUR/MWh,94.5583
2023-08-16,ES,EUR/MWh,107.3212
2023-08-17,ES,EUR/MWh,114.5874
2023-08-18,ES,EUR/MWh,106.7682
2023-08-19,ES,EUR/MWh,110.6257
2023-08-20,ES,EUR/MWh,111.5539
2023-08-21,ES,EUR/MWh,118.9304
2023-08-22,ES,EUR/MWh,124.54
2023-08-23,ES,EUR/MWh,136.7414
2023-08-24,ES,EUR/MWh,130.4322
2023-08-25,ES,EUR/MWh,112.3861
2023-08-26,ES,EUR/MWh,100.5108
2023-08-27,ES,EUR/MWh,60.5834
2023-08-28,ES,EUR/MWh,91.1929
2023-08-29,ES,EUR/MWh,102.7796
2023-08-30,ES,EUR/MWh,108.7296
2023-08-31,ES,EUR/MWh,111.19
2023-09-01,ES,EUR/MWh,105.1583
2023-09-02,ES,EUR/MWh,101.5362
2023-09-03,ES,EUR/MWh,62.9786
2023-09-04,ES,EUR/MWh,88.4188
2023-09-05,ES,EUR/MWh,106.2683
2023-09-06,ES,EUR/MWh,107.0138
2023-09-07,ES,EUR/MWh,107.4226
2023-09-08,ES,EUR/MWh,104.7417
2023-09-09,ES,EUR/MWh,100.5905
2023-09-10,ES,EUR/MWh,102.6773
2023-09-11,ES,EUR/MWh,116.6288
2023-09-12,ES,EUR/MWh,116.7935
2023-09-13,ES,EUR/MWh,107.5429
2023-09-14,ES,EUR/MWh,108.9361
2023-09-15,ES,EUR/MWh,115.1639
2023-09-16,ES,EUR/MWh,98.9796
2023-09-17,ES,EUR/MWh,69.839
2023-09-18,ES,EUR/MWh,110.4348
2023-09-19,ES,EUR/MWh,108.8896
2023-09-20,ES,EUR/MWh,91.4292
2023-09-21,ES,EUR/MWh,93.8671
2023-09-22,ES,EUR/MWh,103.7626
2023-09-23,ES,EUR/MWh,109.9105
2023-09-24,ES,EUR/MWh,91.4711
2023-09-25,ES,EUR/MWh,118.7421
2023-09-26,ES,EUR/MWh,121.8064
2023-09-27,ES,EUR/MWh,114.3525
2023-09-28,ES,EUR/MWh,114.0033
2023-09-29,ES,EUR/MWh,119.6263
2023-09-30,ES,EUR/MWh,104.7408
2023-10-01,ES,EUR/MWh,98.14
2023-10-02,ES,EUR/MWh,115.3612
2023-10-03,ES,EUR/MWh,103.2862
2023-10-04,ES,EUR/MWh,104.6387
2023-10-05,ES,EUR/MWh,105.1967
2023-10-06,ES,EUR/MWh,105.2779
2023-10-07,ES,EUR/MWh,98.4873
2023-10-08,ES,EUR/MWh,103.6391
2023-10-09,ES,EUR/MWh,122.521
2023-10-10,ES,EUR/MWh,126.9695
2023-10-11,ES,EUR/MWh,123.1345
2023-10-12,ES,EUR/MWh,122.5168
2023-10-13,ES,EUR/MWh,119.5254
2023-10-14,ES,EUR/MWh,135.1129
2023-10-15,ES,EUR/MWh,134.9257
2023-10-16,ES,EUR/MWh,139.5617
2023-10-17,ES,EUR/MWh,102.837
2023-10-18,ES,EUR/MWh,57.735
2023-10-19,ES,EUR/MWh,73.8329
2023-10-20,ES,EUR/MWh,32.06
2023-10-21,ES,EUR/MWh,69.9174
2023-10-22,ES,EUR/MWh,85.3004
2023-10-23,ES,EUR/MWh,126.0717
2023-10-24,ES,EUR/MWh,99.3388
2023-10-25,ES,EUR/MWh,65.285
2023-10-26,ES,EUR/MWh,51.4791
2023-10-27,ES,EUR/MWh,37.7088
2023-10-28,ES,EUR/MWh,7.0794
2023-10-29,ES,EUR/MWh,14.6905
2023-10-30,ES,EUR/MWh,38.6609
2023-10-31,ES,EUR/MWh,103.0558
2023-11-01,ES,EUR/MWh,4.3907
2023-11-02,ES,EUR/MWh,4.06
2023-11-03,ES,EUR/MWh,5.2858
2023-11-04,ES,EUR/MWh,1.1138
2023-11-05,ES,EUR/MWh,14.9567
2023-11-06,ES,EUR/MWh,61.365
2023-11-07,ES,EUR/MWh,98.3529
2023-11-08,ES,EUR/MWh,90.7658
2023-11-09,ES,EUR/MWh,71.2178
2023-11-10,ES,EUR/MWh,52.4667
2023-11-11,ES,EUR/MWh,8.8211
2023-11-12,ES,EUR/MWh,28.55
2023-11-13,ES,EUR/MWh,52.3567
2023-11-14,ES,EUR/MWh,72.8181
2023-11-15,ES,EUR/MWh,94.9012
2023-11-16,ES,EUR/MWh,102.7083
2023-11-17,ES,EUR/MWh,118.1904
2023-11-18,ES,EUR/MWh,88.4261
2023-11-19,ES,EUR/MWh,71.6717
2023-11-20,ES,EUR/MWh,91.284
2023-11-21,ES,EUR/MWh,40.409
2023-11-22,ES,EUR/MWh,31.2367
2023-11-23,ES,EUR/MWh,52.7229
2023-11-24,ES,EUR/MWh,68.79
2023-11-25,ES,EUR/MWh,88.7549
2023-11-26,ES,EUR/MWh,117.0258
2023-11-27,ES,EUR/MWh,106.9417
2023-11-28,ES,EUR/MWh,108.9571
2023-11-29,ES,EUR/MWh,84.1846
2023-11-30,ES,EUR/MWh,99.4113
2023-12-01,ES,EUR/MWh,96.19
2023-12-02,ES,EUR/MWh,82.4183
2023-12-03,ES,EUR/MWh,79.9229
2023-12-04,ES,EUR/MWh,78.6054
2023-12-05,ES,EUR/MWh,113.0923
2023-12-06,ES,EUR/MWh,105.9843
2023-12-07,ES,EUR/MWh,82.7136
2023-12-08,ES,EUR/MWh,29.1582
2023-12-09,ES,EUR/MWh,36.7609
2023-12-10,ES,EUR/MWh,39.8422
2023-12-11,ES,EUR/MWh,75.9208
2023-12-12,ES,EUR/MWh,69.02
2023-12-13,ES,EUR/MWh,57.4967
2023-12-14,ES,EUR/MWh,69.3917
2023-12-15,ES,EUR/MWh,74.0704
2023-12-16,ES,EUR/MWh,80.3012
2023-12-17,ES,EUR/MWh,75.8046
2023-12-18,ES,EUR/MWh,98.4279
2023-12-19,ES,EUR/MWh,85.1658
2023-12-20,ES,EUR/MWh,59.7208
2023-12-21,ES,EUR/MWh,53.8083
2023-12-22,ES,EUR/MWh,52.283
2023-12-23,ES,EUR/MWh,48.1813
2023-12-24,ES,EUR/MWh,67.845
2023-12-25,ES,EUR/MWh,63.2962
2023-12-26,ES,EUR/MWh,92.9126
2023-12-27,ES,EUR/MWh,80.2792
2023-12-28,ES,EUR/MWh,98.4621
2023-12-29,ES,EUR/MWh,102.8438
2023-12-30,ES,EUR/MWh,65.5679
2023-12-31,ES,EUR/MWh,33.3248
2024-01-01,ES,EUR/MWh,35.1788
2024-01-02,ES,EUR/MWh,39.4691
2024-01-03,ES,EUR/MWh,64.1375
2024-01-04,ES,EUR/MWh,91.1783
2024-01-05,ES,EUR/MWh,67.2162
2024-01-06,ES,EUR/MWh,52.6635
2024-01-07,ES,EUR/MWh,76.1187
2024-01-08,ES,EUR/MWh,106.0071
2024-01-09,ES,EUR/MWh,113.5542
2024-01-10,ES,EUR/MWh,99.9617
2024-01-11,ES,EUR/MWh,96.8554
2024-01-12,ES,EUR/MWh,97.6
2024-01-13,ES,EUR/MWh,87.7178
2024-01-14,ES,EUR/MWh,74.7754
2024-01-15,ES,EUR/MWh,87.93
2024-01-16,ES,EUR/MWh,87.305
2024-01-17,ES,EUR/MWh,26.3905
2024-01-18,ES,EUR/MWh,53.9286
2024-01-19,ES,EUR/MWh,70.9458
2024-01-20,ES,EUR/MWh,81.0491
2024-01-21,ES,EUR/MWh,64.0259
2024-01-22,ES,EUR/MWh,68.5042
2024-01-23,ES,EUR/MWh,80.2025
2024-01-24,ES,EUR/MWh,84.0198
2024-01-25,ES,EUR/MWh,77.2413
2024-01-26,ES,EUR/MWh,73.0126
2024-01-27,ES,EUR/MWh,66.3791
2024-01-28,ES,EUR/MWh,51.6375
2024-01-29,ES,EUR/MWh,78.8829
2024-01-30,ES,EUR/MWh,81.3742
2024-01-31,ES,EUR/MWh,84.0504
2024-02-01,ES,EUR/MWh,70.6963
2024-02-02,ES,EUR/MWh,65.5265
2024-02-03,ES,EUR/MWh,60.7483
2024-02-04,ES,EUR/MWh,63.377
2024-02-05,ES,EUR/MWh,81.6074
2024-02-06,ES,EUR/MWh,72.6612
2024-02-07,ES,EUR/MWh,50.3175
2024-02-08,ES,EUR/MWh,37.6388
2024-02-09,ES,EUR/MWh,41.99
2024-02-10,ES,EUR/MWh,16.6392
2024-02-11,ES,EUR/MWh,45.0054
2024-02-12,ES,EUR/MWh,47.5627
2024-02-13,ES,EUR/MWh,65.3086
2024-02-14,ES,EUR/MWh,59.1471
2024-02-15,ES,EUR/MWh,51.4377
2024-02-16,ES,EUR/MWh,54.5548
2024-02-17,ES,EUR/MWh,49.8376
2024-02-18,ES,EUR/MWh,46.3696
2024-02-19,ES,EUR/MWh,46.1865
2024-02-20,ES,EUR/MWh,54.3065
2024-02-21,ES,EUR/MWh,44.7165
2024-02-22,ES,EUR/MWh,10.5595
2024-02-23,ES,EUR/MWh,7.0747
2024-02-24,ES,EUR/MWh,8.805
2024-02-25,ES,EUR/MWh,3.2779
2024-02-26,ES,EUR/MWh,4.4195
2024-02-27,ES,EUR/MWh,5.1965
2024-02-28,ES,EUR/MWh,16.66
2024-02-29,ES,EUR/MWh,5.131
2024-03-01,ES,EUR/MWh,2.8888
2024-03-02,ES,EUR/MWh,4.6914
2024-03-03,ES,EUR/MWh,7.9283
2024-03-04,ES,EUR/MWh,8.9725
2024-03-05,ES,EUR/MWh,38.9977
2024-03-06,ES,EUR/MWh,43.5967
2024-03-07,ES,EUR/MWh,9.318
2024-03-08,ES,EUR/MWh,1.8211
2024-03-09,ES,EUR/MWh,0.9142
2024-03-10,ES,EUR/MWh,1.6475
2024-03-11,ES,EUR/MWh,29.6985
2024-03-12,ES,EUR/MWh,45.8986
2024-03-13,ES,EUR/MWh,41.6221
2024-03-14,ES,EUR/MWh,36.3761
2024-03-15,ES,EUR/MWh,39.3583
2024-03-16,ES,EUR/MWh,32.4065
2024-03-17,ES,EUR/MWh,36.1289
2024-03-18,ES,EUR/MWh,66.161
2024-03-19,ES,EUR/MWh,69.3319
2024-03-20,ES,EUR/MWh,55.4858
2024-03-21,ES,EUR/MWh,35.5087
2024-03-22,ES,EUR/MWh,21.4958
2024-03-23,ES,EUR/MWh,2.4735
2024-03-24,ES,EUR/MWh,8.5812
2024-03-25,ES,EUR/MWh,23.2561
2024-03-26,ES,EUR/MWh,3.0917
2024-03-27,ES,EUR/MWh,0.8657
2024-03-28,ES,EUR/MWh,0.784
2024-03-29,ES,EUR/MWh,4.5852
2024-03-30,ES,EUR/MWh,5.0558
2024-03-31,ES,EUR/MWh,0.9208
2024-04-01,ES,EUR/MWh,4.832
2024-04-02,ES,EUR/MWh,9.791
2024-04-03,ES,EUR/MWh,9.9917
2024-04-04,ES,EUR/MWh,5.8233
2024-04-05,ES,EUR/MWh,0.7415
2024-04-06,ES,EUR/MWh,1.73
2024-04-07,ES,EUR/MWh,9.738
2024-04-08,ES,EUR/MWh,0.8811
2024-04-09,ES,EUR/MWh,3.851
2024-04-10,ES,EUR/MWh,5.2889
2024-04-11,ES,EUR/MWh,17.0326
2024-04-12,ES,EUR/MWh,24.071
2024-04-13,ES,EUR/MWh,8.9171
2024-04-14,ES,EUR/MWh,7.02
2024-04-15,ES,EUR/MWh,3.1957
2024-04-16,ES,EUR/MWh,2.2394
2024-04-17,ES,EUR/MWh,3.3891
2024-04-18,ES,EUR/MWh,7.1111
2024-04-19,ES,EUR/MWh,14.4662
2024-04-20,ES,EUR/MWh,4.9695
2024-04-21,ES,EUR/MWh,2.0064
2024-04-22,ES,EUR/MWh,2.4052
2024-04-23,ES,EUR/MWh,8.8276
2024-04-24,ES,EUR/MWh,23.9785
2024-04-25,ES,EUR/MWh,46.2105
2024-04-26,ES,EUR/MWh,54.7417
2024-04-27,ES,EUR/MWh,29.2525
2024-04-28,ES,EUR/MWh,35.9042
2024-04-29,ES,EUR/MWh,60.7673
2024-04-30,ES,EUR/MWh,50.8708
2024-05-01,ES,EUR/MWh,10.8955
2024-05-02,ES,EUR/MWh,16.6943
2024-05-03,ES,EUR/MWh,25.2155
2024-05-04,ES,EUR/MWh,20.2271
2024-05-05,ES,EUR/MWh,21.0174
2024-05-06,ES,EUR/MWh,49.4633
2024-05-07,ES,EUR/MWh,49.9889
2024-05-08,ES,EUR/MWh,25.3532
2024-05-09,ES,EUR/MWh,39.4379
2024-05-10,ES,EUR/MWh,29.6713
2024-05-11,ES,EUR/MWh,20.6035
2024-05-12,ES,EUR/MWh,20.5587
2024-05-13,ES,EUR/MWh,23.559
2024-05-14,ES,EUR/MWh,9.3216
2024-05-15,ES,EUR/MWh,21.1211
2024-05-16,ES,EUR/MWh,37.08
2024-05-17,ES,EUR/MWh,51.9192
2024-05-18,ES,EUR/MWh,38.4575
2024-05-19,ES,EUR/MWh,32.6416
2024-05-20,ES,EUR/MWh,34.7908
2024-05-21,ES,EUR/MWh,46.0062
2024-05-22,ES,EUR/MWh,48.6524
2024-05-23,ES,EUR/MWh,60.403
2024-05-24,ES,EUR/MWh,72.3858
2024-05-25,ES,EUR/MWh,46.6133
2024-05-26,ES,EUR/MWh,25.9525
2024-05-27,ES,EUR/MWh,30.8635
2024-05-28,ES,EUR/MWh,30.5205
2024-05-29,ES,EUR/MWh,38.8812
2024-05-30,ES,EUR/MWh,22.931
2024-05-31,ES,EUR/MWh,3.604
2024-06-01,ES,EUR/MWh,1.822
2024-06-02,ES,EUR/MWh,6.6128
2024-06-03,ES,EUR/MWh,36.517
2024-06-04,ES,EUR/MWh,91.5596
2024-06-05,ES,EUR/MWh,97.15
2024-06-06,ES,EUR/MWh,92.8246
2024-06-07,ES,EUR/MWh,78.7338
2024-06-08,ES,EUR/MWh,65.2565
2024-06-09,ES,EUR/MWh,24.5361
2024-06-10,ES,EUR/MWh,50.2005
2024-06-11,ES,EUR/MWh,64.0627
2024-06-12,ES,EUR/MWh,59.2719
2024-06-13,ES,EUR/MWh,69.5245
2024-06-14,ES,EUR/MWh,43.9845
2024-06-15,ES,EUR/MWh,15.4963
2024-06-16,ES,EUR/MWh,17.5647
2024-06-17,ES,EUR/MWh,31.667
2024-06-18,ES,EUR/MWh,61.5608
2024-06-19,ES,EUR/MWh,76.1117
2024-06-20,ES,EUR/MWh,90.1333
2024-06-21,ES,EUR/MWh,82.3167
2024-06-22,ES,EUR/MWh,46.8087
2024-06-23,ES,EUR/MWh,24.2573
2024-06-24,ES,EUR/MWh,46.3735
2024-06-25,ES,EUR/MWh,76.6505
2024-06-26,ES,EUR/MWh,96.9054
2024-06-27,ES,EUR/MWh,89.01
2024-06-28,ES,EUR/MWh,82.46
2024-06-29,ES,EUR/MWh,52.5383
2024-06-30,ES,EUR/MWh,48.6762
2024-07-01,ES,EUR/MWh,52.9191
2024-07-02,ES,EUR/MWh,51.5583
2024-07-03,ES,EUR/MWh,61.5783
2024-07-04,ES,EUR/MWh,60.6268
2024-07-05,ES,EUR/MWh,63.8404
2024-07-06,ES,EUR/MWh,29.6495
2024-07-07,ES,EUR/MWh,37.2304
2024-07-08,ES,EUR/MWh,74.0996
2024-07-09,ES,EUR/MWh,71.4925
2024-07-10,ES,EUR/MWh,89.1126
2024-07-11,ES,EUR/MWh,83.4283
2024-07-12,ES,EUR/MWh,60.4043
2024-07-13,ES,EUR/MWh,60.141
2024-07-14,ES,EUR/MWh,53.2148
2024-07-15,ES,EUR/MWh,55.33
2024-07-16,ES,EUR/MWh,87.75
2024-07-17,ES,EUR/MWh,94.8135
2024-07-18,ES,EUR/MWh,101.625
2024-07-19,ES,EUR/MWh,96.8817
2024-07-20,ES,EUR/MWh,52.395
2024-07-21,ES,EUR/MWh,40.9567
2024-07-22,ES,EUR/MWh,79.3126
2024-07-23,ES,EUR/MWh,92.6086
2024-07-24,ES,EUR/MWh,94.9204
2024-07-25,ES,EUR/MWh,89.4642
2024-07-26,ES,EUR/MWh,95.0979
2024-07-27,ES,EUR/MWh,74.2605
2024-07-28,ES,EUR/MWh,79.39
2024-07-29,ES,EUR/MWh,108.6157
2024-07-30,ES,EUR/MWh,98.2352
2024-07-31,ES,EUR/MWh,105.4329
2024-08-01,ES,EUR/MWh,108.3361
2024-08-02,ES,EUR/MWh,93.03
2024-08-03,ES,EUR/MWh,75.7543
2024-08-04,ES,EUR/MWh,75.8192
2024-08-05,ES,EUR/MWh,109.0457
2024-08-06,ES,EUR/MWh,105.043
2024-08-07,ES,EUR/MWh,97.66
2024-08-08,ES,EUR/MWh,105.105
2024-08-09,ES,EUR/MWh,103.3436
2024-08-10,ES,EUR/MWh,78.7745
2024-08-11,ES,EUR/MWh,91.5078
2024-08-12,ES,EUR/MWh,106.2008
2024-08-13,ES,EUR/MWh,106.0617
2024-08-14,ES,EUR/MWh,85.4
2024-08-15,ES,EUR/MWh,63.5447
2024-08-16,ES,EUR/MWh,88.9121
2024-08-17,ES,EUR/MWh,83.3871
2024-08-18,ES,EUR/MWh,70.6378
2024-08-19,ES,EUR/MWh,97.6043
2024-08-20,ES,EUR/MWh,93.7735
2024-08-21,ES,EUR/MWh,79.4485
2024-08-22,ES,EUR/MWh,108.6961
2024-08-23,ES,EUR/MWh,106.6613
2024-08-24,ES,EUR/MWh,70.7932
2024-08-25,ES,EUR/MWh,37.6548
2024-08-26,ES,EUR/MWh,98.0574
2024-08-27,ES,EUR/MWh,108.1323
2024-08-28,ES,EUR/MWh,107.555
2024-08-29,ES,EUR/MWh,120.5909
2024-08-30,ES,EUR/MWh,117.0696
2024-08-31,ES,EUR/MWh,116.6196
2024-09-01,ES,EUR/MWh,101.9761
2024-09-02,ES,EUR/MWh,116.1204
2024-09-03,ES,EUR/MWh,106.7992
2024-09-04,ES,EUR/MWh,95.5362
2024-09-05,ES,EUR/MWh,106.5205
2024-09-06,ES,EUR/MWh,87.2554
2024-09-07,ES,EUR/MWh,81.5405
2024-09-08,ES,EUR/MWh,80.709
2024-09-09,ES,EUR/MWh,84.5657
2024-09-10,ES,EUR/MWh,72.9008
2024-09-11,ES,EUR/MWh,78.4817
2024-09-12,ES,EUR/MWh,73.183
2024-09-13,ES,EUR/MWh,59.4718
2024-09-14,ES,EUR/MWh,52.6819
2024-09-15,ES,EUR/MWh,29.692
2024-09-16,ES,EUR/MWh,32.6622
2024-09-17,ES,EUR/MWh,38.4126
2024-09-18,ES,EUR/MWh,94.9018
2024-09-19,ES,EUR/MWh,108.3612
2024-09-20,ES,EUR/MWh,106.3467
2024-09-21,ES,EUR/MWh,84.9962
2024-09-22,ES,EUR/MWh,72.9696
2024-09-23,ES,EUR/MWh,89.7162
2024-09-24,ES,EUR/MWh,94.9627
2024-09-25,ES,EUR/MWh,50.9609
2024-09-26,ES,EUR/MWh,28.164
2024-09-27,ES,EUR/MWh,37.6045
2024-09-28,ES,EUR/MWh,59.3032
2024-09-29,ES,EUR/MWh,45.2659
2024-09-30,ES,EUR/MWh,89.4425
2024-10-01,ES,EUR/MWh,97.7083
2024-10-02,ES,EUR/MWh,90.5909
2024-10-03,ES,EUR/MWh,63.04
2024-10-04,ES,EUR/MWh,98.1375
2024-10-05,ES,EUR/MWh,60.1495
2024-10-06,ES,EUR/MWh,27.8484
2024-10-07,ES,EUR/MWh,53.2062
2024-10-08,ES,EUR/MWh,31.1165
2024-10-09,ES,EUR/MWh,29.1223
2024-10-10,ES,EUR/MWh,85.3777
2024-10-11,ES,EUR/MWh,87.115
2024-10-12,ES,EUR/MWh,72.385
2024-10-13,ES,EUR/MWh,57.0665
2024-10-14,ES,EUR/MWh,103.4575
2024-10-15,ES,EUR/MWh,85.2713
2024-10-16,ES,EUR/MWh,51.7991
2024-10-17,ES,EUR/MWh,51.3524
2024-10-18,ES,EUR/MWh,54.2965
2024-10-19,ES,EUR/MWh,47.754
2024-10-20,ES,EUR/MWh,48.0802
2024-10-21,ES,EUR/MWh,93.7678
2024-10-22,ES,EUR/MWh,81.507
2024-10-23,ES,EUR/MWh,86.6138
2024-10-24,ES,EUR/MWh,69.327
2024-10-25,ES,EUR/MWh,64.3004
2024-10-26,ES,EUR/MWh,54.8791
2024-10-27,ES,EUR/MWh,76.3092
2024-10-28,ES,EUR/MWh,77.4948
2024-10-29,ES,EUR/MWh,73.33
2024-10-30,ES,EUR/MWh,81.497
2024-10-31,ES,EUR/MWh,101.4396
2024-11-01,ES,EUR/MWh,82.0188
2024-11-02,ES,EUR/MWh,91.1713
2024-11-03,ES,EUR/MWh,72.1896
2024-11-04,ES,EUR/MWh,108.8809
2024-11-05,ES,EUR/MWh,117.9442
2024-11-06,ES,EUR/MWh,116.1433
2024-11-07,ES,EUR/MWh,112.6443
2024-11-08,ES,EUR/MWh,118.1318
2024-11-09,ES,EUR/MWh,110.255
2024-11-10,ES,EUR/MWh,92.9004
2024-11-11,ES,EUR/MWh,76.0754
2024-11-12,ES,EUR/MWh,77.537
2024-11-13,ES,EUR/MWh,105.2075
2024-11-14,ES,EUR/MWh,119.5079
2024-11-15,ES,EUR/MWh,124.2612
2024-11-16,ES,EUR/MWh,113.195
2024-11-17,ES,EUR/MWh,114.2146
2024-11-18,ES,EUR/MWh,136.7052
2024-11-19,ES,EUR/MWh,131.1863
2024-11-20,ES,EUR/MWh,95.45
2024-11-21,ES,EUR/MWh,79.5839
2024-11-22,ES,EUR/MWh,120.3687
2024-11-23,ES,EUR/MWh,73.2762
2024-11-24,ES,EUR/MWh,12.4716
2024-11-25,ES,EUR/MWh,90.7361
2024-11-26,ES,EUR/MWh,143.6177
2024-11-27,ES,EUR/MWh,137.8726
2024-11-28,ES,EUR/MWh,131.32
2024-11-29,ES,EUR/MWh,127.5482
2024-11-30,ES,EUR/MWh,123.3743
2024-12-01,ES,EUR/MWh,128.0543
2024-12-02,ES,EUR/MWh,143.2817
2024-12-03,ES,EUR/MWh,139.7883
2024-12-04,ES,EUR/MWh,133.9283
2024-12-05,ES,EUR/MWh,135.1935
2024-12-06,ES,EUR/MWh,115.2725
2024-12-07,ES,EUR/MWh,35.7352
2024-12-08,ES,EUR/MWh,32.6753
2024-12-09,ES,EUR/MWh,72.8639
2024-12-10,ES,EUR/MWh,135.9778
2024-12-11,ES,EUR/MWh,140.4883
2024-12-12,ES,EUR/MWh,146.515
2024-12-13,ES,EUR/MWh,141.6886
2024-12-14,ES,EUR/MWh,128.2096
2024-12-15,ES,EUR/MWh,101.1955
2024-12-16,ES,EUR/MWh,121.3671
2024-12-17,ES,EUR/MWh,121.6362
2024-12-18,ES,EUR/MWh,110.2312
2024-12-19,ES,EUR/MWh,74.8138
2024-12-20,ES,EUR/MWh,116.247
2024-12-21,ES,EUR/MWh,91.9413
2024-12-22,ES,EUR/MWh,50.4608
2024-12-23,ES,EUR/MWh,51.4009
2024-12-24,ES,EUR/MWh,74.1167
2024-12-25,ES,EUR/MWh,102.8896
2024-12-26,ES,EUR/MWh,134.6061
2024-12-27,ES,EUR/MWh,133.6946
2024-12-28,ES,EUR/MWh,134.1439
2024-12-29,ES,EUR/MWh,135.8909
2024-12-30,ES,EUR/MWh,141.0833
2024-12-31,ES,EUR/MWh,136.4396
2025-01-01,ES,EUR/MWh,100.5487
2025-01-02,ES,EUR/MWh,134.8322
2025-01-03,ES,EUR/MWh,120.5378
2025-01-04,ES,EUR/MWh,111.2683
2025-01-05,ES,EUR/MWh,47.0143
2025-01-06,ES,EUR/MWh,51.0709
2025-01-07,ES,EUR/MWh,83.8542
2025-01-08,ES,EUR/MWh,98.3417
2025-01-09,ES,EUR/MWh,88.975
2025-01-10,ES,EUR/MWh,112.0954
2025-01-11,ES,EUR/MWh,95.8075
2025-01-12,ES,EUR/MWh,76.8648
2025-01-13,ES,EUR/MWh,126.2196
2025-01-14,ES,EUR/MWh,139.3913
2025-01-15,ES,EUR/MWh,141.3078
2025-01-16,ES,EUR/MWh,135.11
2025-01-17,ES,EUR/MWh,136.0456
2025-01-18,ES,EUR/MWh,133.9284
2025-01-19,ES,EUR/MWh,124.6067
2025-01-20,ES,EUR/MWh,145.0774
2025-01-21,ES,EUR/MWh,140.085
2025-01-22,ES,EUR/MWh,135.0171
2025-01-23,ES,EUR/MWh,139.2604
2025-01-24,ES,EUR/MWh,90.2058
2025-01-25,ES,EUR/MWh,41.8592
2025-01-26,ES,EUR/MWh,25.2067
2025-01-27,ES,EUR/MWh,23.0664
2025-01-28,ES,EUR/MWh,20.3035
2025-01-29,ES,EUR/MWh,57.2833
2025-01-30,ES,EUR/MWh,42.4358
2025-01-31,ES,EUR/MWh,99.5083
2025-02-01,ES,EUR/MWh,95.0958
2025-02-02,ES,EUR/MWh,125.2991
2025-02-03,ES,EUR/MWh,135.0757
2025-02-04,ES,EUR/MWh,143.2212
2025-02-05,ES,EUR/MWh,117.7267
2025-02-06,ES,EUR/MWh,138.8626
2025-02-07,ES,EUR/MWh,117.0654
2025-02-08,ES,EUR/MWh,106.065
2025-02-09,ES,EUR/MWh,112.9395
2025-02-10,ES,EUR/MWh,139.5583
2025-02-11,ES,EUR/MWh,134.3714
2025-02-12,ES,EUR/MWh,120.1908
2025-02-13,ES,EUR/MWh,130.9692
2025-02-14,ES,EUR/MWh,123.6726
2025-02-15,ES,EUR/MWh,85.747
2025-02-16,ES,EUR/MWh,90.9604
2025-02-17,ES,EUR/MWh,137.874
2025-02-18,ES,EUR/MWh,79.8446
2025-02-19,ES,EUR/MWh,124.7339
2025-02-20,ES,EUR/MWh,86.4367
2025-02-21,ES,EUR/MWh,53.6876
2025-02-22,ES,EUR/MWh,72.1417
2025-02-23,ES,EUR/MWh,67.7174
2025-02-24,ES,EUR/MWh,78.265
2025-02-25,ES,EUR/MWh,96.1083
2025-02-26,ES,EUR/MWh,105.9296
2025-02-27,ES,EUR/MWh,120.3933
2025-02-28,ES,EUR/MWh,111.0522
2025-03-01,ES,EUR/MWh,64.0258
2025-03-02,ES,EUR/MWh,66.8857
2025-03-03,ES,EUR/MWh,97.8783
2025-03-04,ES,EUR/MWh,95.8558
2025-03-05,ES,EUR/MWh,77.8367
2025-03-06,ES,EUR/MWh,78.7433
2025-03-07,ES,EUR/MWh,46.9296
2025-03-08,ES,EUR/MWh,16.135
2025-03-09,ES,EUR/MWh,49.8305
2025-03-10,ES,EUR/MWh,93.2229
2025-03-11,ES,EUR/MWh,98.5986
2025-03-12,ES,EUR/MWh,95.0922
2025-03-13,ES,EUR/MWh,109.2758
2025-03-14,ES,EUR/MWh,59.0375
2025-03-15,ES,EUR/MWh,59.4374
2025-03-16,ES,EUR/MWh,60.2009
2025-03-17,ES,EUR/MWh,90.61
2025-03-18,ES,EUR/MWh,56.2764
2025-03-19,ES,EUR/MWh,31.8372
2025-03-20,ES,EUR/MWh,25.8524
2025-03-21,ES,EUR/MWh,10.9582
2025-03-22,ES,EUR/MWh,17.4629
2025-03-23,ES,EUR/MWh,29.3408
2025-03-24,ES,EUR/MWh,48.3286
2025-03-25,ES,EUR/MWh,42.6921
2025-03-26,ES,EUR/MWh,41.6341
2025-03-27,ES,EUR/MWh,63.9526
2025-03-28,ES,EUR/MWh,25.4223
2025-03-29,ES,EUR/MWh,5.5278
2025-03-30,ES,EUR/MWh,3.1604
2025-03-31,ES,EUR/MWh,39.5368
2025-04-01,ES,EUR/MWh,59.3245
2025-04-02,ES,EUR/MWh,28.4873
2025-04-03,ES,EUR/MWh,22.6359
2025-04-04,ES,EUR/MWh,14.6171
2025-04-05,ES,EUR/MWh,24.0074
2025-04-06,ES,EUR/MWh,27.8895
2025-04-07,ES,EUR/MWh,67.2319
2025-04-08,ES,EUR/MWh,44.8525
2025-04-09,ES,EUR/MWh,32.2848
2025-04-10,ES,EUR/MWh,20.8048
2025-04-11,ES,EUR/MWh,20.5614
2025-04-12,ES,EUR/MWh,28.1382
2025-04-13,ES,EUR/MWh,18.6529
2025-04-14,ES,EUR/MWh,24.907
2025-04-15,ES,EUR/MWh,13.159
2025-04-16,ES,EUR/MWh,14.764
2025-04-17,ES,EUR/MWh,29.4865
2025-04-18,ES,EUR/MWh,10.7712
2025-04-19,ES,EUR/MWh,1.4617
2025-04-20,ES,EUR/MWh,14.2368
2025-04-21,ES,EUR/MWh,53.1158
2025-04-22,ES,EUR/MWh,63.3125
2025-04-23,ES,EUR/MWh,50.3557
2025-04-24,ES,EUR/MWh,52.9211
2025-04-25,ES,EUR/MWh,42.7913
2025-04-26,ES,EUR/MWh,5.8214
2025-04-27,ES,EUR/MWh,14.4515
2025-04-28,ES,EUR/MWh,16.8336
2025-04-29,ES,EUR/MWh,8.5595
2025-04-30,ES,EUR/MWh,34.1355
2025-05-01,ES,EUR/MWh,12.7457
2025-05-02,ES,EUR/MWh,15.201
2025-05-03,ES,EUR/MWh,17.2809
2025-05-04,ES,EUR/MWh,9.0843
2025-05-05,ES,EUR/MWh,9.2324
2025-05-06,ES,EUR/MWh,11.3104
2025-05-07,ES,EUR/MWh,21.3495
2025-05-08,ES,EUR/MWh,19.2495
2025-05-09,ES,EUR/MWh,21.3629
2025-05-10,ES,EUR/MWh,7.8379
2025-05-11,ES,EUR/MWh,2.7238
2025-05-12,ES,EUR/MWh,27.7477
2025-05-13,ES,EUR/MWh,41.6265
2025-05-14,ES,EUR/MWh,28.1458
2025-05-15,ES,EUR/MWh,11.1059
2025-05-16,ES,EUR/MWh,7.0405
2025-05-17,ES,EUR/MWh,13.9208
2025-05-18,ES,EUR/MWh,5.3413
2025-05-19,ES,EUR/MWh,12.7912
2025-05-20,ES,EUR/MWh,14.5646
2025-05-21,ES,EUR/MWh,20.2332
2025-05-22,ES,EUR/MWh,4.6094
2025-05-23,ES,EUR/MWh,6.1559
2025-05-24,ES,EUR/MWh,10.2714
2025-05-25,ES,EUR/MWh,7.1113
2025-05-26,ES,EUR/MWh,19.7041
2025-05-27,ES,EUR/MWh,35.7922
2025-05-28,ES,EUR/MWh,31.3568
2025-05-29,ES,EUR/MWh,35.8246
2025-05-30,ES,EUR/MWh,51.9868
2025-05-31,ES,EUR/MWh,36.0433
2025-06-01,ES,EUR/MWh,18.9291
2025-06-02,ES,EUR/MWh,38.1582
2025-06-03,ES,EUR/MWh,58.4411
2025-06-04,ES,EUR/MWh,60.0746
2025-06-05,ES,EUR/MWh,77.0833
2025-06-06,ES,EUR/MWh,79.7886
2025-06-07,ES,EUR/MWh,49.1519
2025-06-08,ES,EUR/MWh,39.665
2025-06-09,ES,EUR/MWh,66.4491
2025-06-10,ES,EUR/MWh,99.63
2025-06-11,ES,EUR/MWh,72.9671
2025-06-12,ES,EUR/MWh,65.7036
2025-06-13,ES,EUR/MWh,73.1405
2025-06-14,ES,EUR/MWh,53.7533
2025-06-15,ES,EUR/MWh,19.1465
2025-06-16,ES,EUR/MWh,65.7973
2025-06-17,ES,EUR/MWh,92.6843
2025-06-18,ES,EUR/MWh,107.1217
2025-06-19,ES,EUR/MWh,115.9571
2025-06-20,ES,EUR/MWh,112.603
2025-06-21,ES,EUR/MWh,91.9065
2025-06-22,ES,EUR/MWh,67.4642
2025-06-23,ES,EUR/MWh,110.7825
2025-06-24,ES,EUR/MWh,99.605
2025-06-25,ES,EUR/MWh,79.0083
2025-06-26,ES,EUR/MWh,92.6758
2025-06-27,ES,EUR/MWh,95.4496
2025-06-28,ES,EUR/MWh,67.5352
2025-06-29,ES,EUR/MWh,78.3141
2025-06-30,ES,EUR/MWh,111.0487
2025-07-01,ES,EUR/MWh,112.6374
2025-07-02,ES,EUR/MWh,101.7791
2025-07-03,ES,EUR/MWh,91.1883
2025-07-04,ES,EUR/MWh,102.0461
2025-07-05,ES,EUR/MWh,80.4352
2025-07-06,ES,EUR/MWh,60.4532
2025-07-07,ES,EUR/MWh,57.8483
2025-07-08,ES,EUR/MWh,53.1171
2025-07-09,ES,EUR/MWh,93.0861
2025-07-10,ES,EUR/MWh,106.6517
2025-07-11,ES,EUR/MWh,97.5904
2025-07-12,ES,EUR/MWh,75.9121
2025-07-13,ES,EUR/MWh,71.981
2025-07-14,ES,EUR/MWh,83.8738
2025-07-15,ES,EUR/MWh,85.3596
2025-07-16,ES,EUR/MWh,106.4822
2025-07-17,ES,EUR/MWh,101.618
2025-07-18,ES,EUR/MWh,94.1742
2025-07-19,ES,EUR/MWh,55.331
2025-07-20,ES,EUR/MWh,30.4937
2025-07-21,ES,EUR/MWh,62.3096
2025-07-22,ES,EUR/MWh,83.4861
2025-07-23,ES,EUR/MWh,82.7854
2025-07-24,ES,EUR/MWh,50.5476
2025-07-25,ES,EUR/MWh,47.1286
2025-07-26,ES,EUR/MWh,40.3095
2025-07-27,ES,EUR/MWh,35.1975
2025-07-28,ES,EUR/MWh,35.9268
2025-07-29,ES,EUR/MWh,38.0276
2025-07-30,ES,EUR/MWh,42.5367
2025-07-31,ES,EUR/MWh,65.4012
2025-08-01,ES,EUR/MWh,63.9246
2025-08-02,ES,EUR/MWh,42.7194
2025-08-03,ES,EUR/MWh,30.3642
2025-08-04,ES,EUR/MWh,71.4377
2025-08-05,ES,EUR/MWh,51.5139
2025-08-06,ES,EUR/MWh,86.0673
2025-08-07,ES,EUR/MWh,85.8883
2025-08-08,ES,EUR/MWh,76.0014
2025-08-09,ES,EUR/MWh,59.9
2025-08-10,ES,EUR/MWh,58.7565
2025-08-11,ES,EUR/MWh,82.8896
2025-08-12,ES,EUR/MWh,90.1746
2025-08-13,ES,EUR/MWh,102.0257
2025-08-14,ES,EUR/MWh,95.9375
2025-08-15,ES,EUR/MWh,76.1748
2025-08-16,ES,EUR/MWh,75.4773
2025-08-17,ES,EUR/MWh,81.4805
2025-08-18,ES,EUR/MWh,96.9914
2025-08-19,ES,EUR/MWh,76.86
2025-08-20,ES,EUR/MWh,68.3333
2025-08-21,ES,EUR/MWh,54.4878
2025-08-22,ES,EUR/MWh,55.0929
2025-08-23,ES,EUR/MWh,64.34
2025-08-24,ES,EUR/MWh,65.5452
2025-08-25,ES,EUR/MWh,90.8935
2025-08-26,ES,EUR/MWh,87.8667
2025-08-27,ES,EUR/MWh,88.3805
2025-08-28,ES,EUR/MWh,51.1683
2025-08-29,ES,EUR/MWh,53.0419
2025-08-30,ES,EUR/MWh,59.0862
2025-08-31,ES,EUR/MWh,29.6509
2025-09-01,ES,EUR/MWh,48.7278
2025-09-02,ES,EUR/MWh,60.4522
2025-09-03,ES,EUR/MWh,61.1205
2025-09-04,ES,EUR/MWh,66.7728
2025-09-05,ES,EUR/MWh,60.388
2025-09-06,ES,EUR/MWh,19.936
2025-09-07,ES,EUR/MWh,43.9577
2025-09-08,ES,EUR/MWh,71.9736
2025-09-09,ES,EUR/MWh,63.572
2025-09-10,ES,EUR/MWh,54.0098
2025-09-11,ES,EUR/MWh,54.6674
2025-09-12,ES,EUR/MWh,74.5121
2025-09-13,ES,EUR/MWh,57.0395
2025-09-14,ES,EUR/MWh,55.9749
2025-09-15,ES,EUR/MWh,63.6024
2025-09-16,ES,EUR/MWh,77.2621
2025-09-17,ES,EUR/MWh,95.9297
2025-09-18,ES,EUR/MWh,96.3759
2025-09-19,ES,EUR/MWh,84.8424
2025-09-20,ES,EUR/MWh,57.4122
2025-09-21,ES,EUR/MWh,31.7414
2025-09-22,ES,EUR/MWh,41.9922
2025-09-23,ES,EUR/MWh,42.6758
2025-09-24,ES,EUR/MWh,50.6524
2025-09-25,ES,EUR/MWh,86.8382
2025-09-26,ES,EUR/MWh,93.9239
2025-09-27,ES,EUR/MWh,59.2585
2025-09-28,ES,EUR/MWh,40.138
2025-09-29,ES,EUR/MWh,62.758
2025-09-30,ES,EUR/MWh,92.745
2025-10-01,ES,EUR/MWh,80.1579
2025-10-02,ES,EUR/MWh,86.1789
2025-10-03,ES,EUR/MWh,89.7292
2025-10-04,ES,EUR/MWh,45.3654
2025-10-05,ES,EUR/MWh,24.9027
2025-10-06,ES,EUR/MWh,85.4449
2025-10-07,ES,EUR/MWh,96.8908
2025-10-08,ES,EUR/MWh,95.1424
2025-10-09,ES,EUR/MWh,64.3692
2025-10-10,ES,EUR/MWh,76.1002
2025-10-11,ES,EUR/MWh,68.1
2025-10-12,ES,EUR/MWh,64.9055
2025-10-13,ES,EUR/MWh,104.6577
2025-10-14,ES,EUR/MWh,109.421
2025-10-15,ES,EUR/MWh,109.2952
2025-10-16,ES,EUR/MWh,110.4592
2025-10-17,ES,EUR/MWh,104.606
2025-10-18,ES,EUR/MWh,75.4974
2025-10-19,ES,EUR/MWh,35.4089
2025-10-20,ES,EUR/MWh,40.8427
2025-10-21,ES,EUR/MWh,41.4898
2025-10-22,ES,EUR/MWh,26.5853
2025-10-23,ES,EUR/MWh,43.9174
2025-10-24,ES,EUR/MWh,82.369
2025-10-25,ES,EUR/MWh,69.3529
2025-10-26,ES,EUR/MWh,52.6922
2025-10-27,ES,EUR/MWh,82.3699
2025-10-28,ES,EUR/MWh,101.0821
2025-10-29,ES,EUR/MWh,108.2851
2025-10-30,ES,EUR/MWh,80.1442
2025-10-31,ES,EUR/MWh,59.5996
2025-11-01,ES,EUR/MWh,55.0731
2025-11-02,ES,EUR/MWh,50.9441
2025-11-03,ES,EUR/MWh,79.2465
2025-11-04,ES,EUR/MWh,54.7921
2025-11-05,ES,EUR/MWh,33.8408
2025-11-06,ES,EUR/MWh,53.9798
2025-11-07,ES,EUR/MWh,73.1506
2025-11-08,ES,EUR/MWh,56.7142
2025-11-09,ES,EUR/MWh,61.8018
2025-11-10,ES,EUR/MWh,78.23
2025-11-11,ES,EUR/MWh,59.669
2025-11-12,ES,EUR/MWh,33.1946
2025-11-13,ES,EUR/MWh,33.8921
2025-11-14,ES,EUR/MWh,33.3343
2025-11-15,ES,EUR/MWh,31.9825
2025-11-16,ES,EUR/MWh,35.4863
2025-11-17,ES,EUR/MWh,79.4729
2025-11-18,ES,EUR/MWh,83.5676
2025-11-19,ES,EUR/MWh,95.3685
2025-11-20,ES,EUR/MWh,79.4817
2025-11-21,ES,EUR/MWh,61.5142
2025-11-22,ES,EUR/MWh,65.9493
2025-11-23,ES,EUR/MWh,51.3745
2025-11-24,ES,EUR/MWh,49.0243
2025-11-25,ES,EUR/MWh,57.7663
2025-11-26,ES,EUR/MWh,74.0977
2025-11-27,ES,EUR/MWh,78.0704
2025-11-28,ES,EUR/MWh,90.9773
2025-11-29,ES,EUR/MWh,83.016
2025-11-30,ES,EUR/MWh,76.4904
2025-12-01,ES,EUR/MWh,83.5062
2025-12-02,ES,EUR/MWh,89.9825
2025-12-03,ES,EUR/MWh,68.2969
2025-12-04,ES,EUR/MWh,66.5207
2025-12-05,ES,EUR/MWh,71.4059
2025-12-06,ES,EUR/MWh,37.8369
2025-12-07,ES,EUR/MWh,39.1907
2025-12-08,ES,EUR/MWh,54.1856
2025-12-09,ES,EUR/MWh,62.6674
2025-12-10,ES,EUR/MWh,98.1182
2025-12-11,ES,EUR/MWh,94.7268
2025-12-12,ES,EUR/MWh,94.8963
2025-12-13,ES,EUR/MWh,80.7494
2025-12-14,ES,EUR/MWh,80.6757
2025-12-15,ES,EUR/MWh,92.2034
2025-12-16,ES,EUR/MWh,93.522
2025-12-17,ES,EUR/MWh,100.9861
2025-12-18,ES,EUR/MWh,75.8001
2025-12-19,ES,EUR/MWh,100.9277
2025-12-20,ES,EUR/MWh,74.4017
2025-12-21,ES,EUR/MWh,61.7864
2025-12-22,ES,EUR/MWh,72.1673
2025-12-23,ES,EUR/MWh,79.4539
2025-12-24,ES,EUR/MWh,42.4817
2025-12-25,ES,EUR/MWh,57.695
2025-12-26,ES,EUR/MWh,88.6159
2025-12-27,ES,EUR/MWh,77.3709
2025-12-28,ES,EUR/MWh,80.0347
2025-12-29,ES,EUR/MWh,109.6677
2025-12-30,ES,EUR/MWh,90.6242
2025-12-31,ES,EUR/MWh,100.8778
2026-01-01,ES,EUR/MWh,79.1744
2026-01-02,ES,EUR/MWh,83.4178
2026-01-03,ES,EUR/MWh,92.2272
2026-01-04,ES,EUR/MWh,79.4157
2026-01-05,ES,EUR/MWh,99.0751
2026-01-06,ES,EUR/MWh,68.8302
2026-01-07,ES,EUR/MWh,95.8018
2026-01-08,ES,EUR/MWh,80.7022
2026-01-09,ES,EUR/MWh,58.2408
2026-01-10,ES,EUR/MWh,78.8239
2026-01-11,ES,EUR/MWh,83.3212
2026-01-12,ES,EUR/MWh,88.1021
2026-01-13,ES,EUR/MWh,96.4678
2026-01-14,ES,EUR/MWh,116.0579
2026-01-15,ES,EUR/MWh,106.903
2026-01-16,ES,EUR/MWh,126.4974
2026-01-17,ES,EUR/MWh,122.9505
2026-01-18,ES,EUR/MWh,119.5143
2026-01-19,ES,EUR/MWh,124.8207
2026-01-20,ES,EUR/MWh,94.9258
2026-01-21,ES,EUR/MWh,79.0346
2026-01-22,ES,EUR/MWh,45.9901
2026-01-23,ES,EUR/MWh,47.5133
2026-01-24,ES,EUR/MWh,23.0548
2026-01-25,ES,EUR/MWh,6.8456
2026-01-26,ES,EUR/MWh,38.2108
2026-01-27,ES,EUR/MWh,32.9979
2026-01-28,ES,EUR/MWh,44.3495
2026-01-29,ES,EUR/MWh,28.3866
2026-01-30,ES,EUR/MWh,6.2644
2026-01-31,ES,EUR/MWh,-0.208
2026-02-01,ES,EUR/MWh,33.9264
2026-02-02,ES,EUR/MWh,15.228
2026-02-03,ES,EUR/MWh,47.4551
2026-02-04,ES,EUR/MWh,22.0665
2026-02-05,ES,EUR/MWh,8.0813
2026-02-06,ES,EUR/MWh,18.8311
2026-02-07,ES,EUR/MWh,13.9726
2026-02-08,ES,EUR/MWh,16.3405
2026-02-09,ES,EUR/MWh,24.4132
2026-02-10,ES,EUR/MWh,2.413
2026-02-11,ES,EUR/MWh,5.2445
2026-02-12,ES,EUR/MWh,6.581
2026-02-13,ES,EUR/MWh,5.0356
2026-02-14,ES,EUR/MWh,4.6584
2026-02-15,ES,EUR/MWh,4.5828
2026-02-16,ES,EUR/MWh,5.2898
2026-02-17,ES,EUR/MWh,39.5183
2026-02-18,ES,EUR/MWh,17.9141
2026-02-19,ES,EUR/MWh,16.6728
2026-02-20,ES,EUR/MWh,28.4319
2026-02-21,ES,EUR/MWh,21.7849
2026-02-22,ES,EUR/MWh,17.3413
2026-02-23,ES,EUR/MWh,40.4317
2026-02-24,ES,EUR/MWh,27.0272
2026-02-25,ES,EUR/MWh,31.2467
2026-02-26,ES,EUR/MWh,29.1088
2026-02-27,ES,EUR/MWh,17.2576
2026-02-28,ES,EUR/MWh,19.004
2026-03-01,ES,EUR/MWh,13.6296
2026-03-02,ES,EUR/MWh,19.5767
2026-03-03,ES,EUR/MWh,43.8084
2026-03-04,ES,EUR/MWh,71.5954
2026-03-05,ES,EUR/MWh,83.4618
2026-03-06,ES,EUR/MWh,62.6093
2026-03-07,ES,EUR/MWh,67.5354
2026-03-08,ES,EUR/MWh,80.0964
2026-03-09,ES,EUR/MWh,122.407
2026-03-10,ES,EUR/MWh,132.5878
2026-03-11,ES,EUR/MWh,87.7864
2026-03-12,ES,EUR/MWh,76.3765
2026-03-13,ES,EUR/MWh,49.2114
2026-03-14,ES,EUR/MWh,10.6646
2026-03-15,ES,EUR/MWh,4.4464
2026-03-16,ES,EUR/MWh,57.1276
2026-03-17,ES,EUR/MWh,48.4354
2026-03-18,ES,EUR/MWh,32.1881
2026-03-19,ES,EUR/MWh,20.4551
2026-03-20,ES,EUR/MWh,45.3087
2026-03-21,ES,EUR/MWh,45.5087
2026-03-22,ES,EUR/MWh,22.8386
2026-03-23,ES,EUR/MWh,47.8768
2026-03-24,ES,EUR/MWh,55.1848
2026-03-25,ES,EUR/MWh,15.9502
2026-03-26,ES,EUR/MWh,2.7515
2026-03-27,ES,EUR/MWh,18.3014
2026-03-28,ES,EUR/MWh,2.8372
2026-03-29,ES,EUR/MWh,-6.0617
2026-03-30,ES,EUR/MWh,15.0406
2026-03-31,ES,EUR/MWh,6.3782
2026-04-01,ES,EUR/MWh,7.5378
2026-04-02,ES,EUR/MWh,9.4592
2026-04-03,ES,EUR/MWh,22.4591
2026-04-04,ES,EUR/MWh,25.6955
2026-04-05,ES,EUR/MWh,23.4004
2026-04-06,ES,EUR/MWh,29.2509
2026-04-07,ES,EUR/MWh,66.4226
2026-04-08,ES,EUR/MWh,92.5956
2026-04-09,ES,EUR/MWh,41.0304
2026-04-10,ES,EUR/MWh,73.1942
2026-04-11,ES,EUR/MWh,29.2275
2026-04-12,ES,EUR/MWh,18.43
2026-04-13,ES,EUR/MWh,35.2999
